{
  "plat_info": {
    "ltmp": 6,
    "m_ancher": [
      [
        524.811395,
        303.000000,
        916.000000
      ],
      [
        0.000000,
        606.000000,
        916.000000
      ],
      [
        -524.811395,
        303.000000,
        916.000000
      ],
      [
        -524.811395,
        -303.000000,
        916.000000
      ],
      [
        -0.000000,
        -606.000000,
        916.000000
      ],
      [
        524.811395,
        -303.000000,
        916.000000
      ]
    ],
    "m_plate": [
      [
        0.000000,
        0.000000,
        0.000000
      ],
      [
        0.000000,
        144.000000,
        4.000000
      ],
      [
        0.000000,
        0.000000,
        0.000000
      ],
      [
        -124.707658,
        -72.000000,
        4.000000
      ],
      [
        0.000000,
        0.000000,
        0.000000
      ],
      [
        124.707658,
        -72.000000,
        4.000000
      ]
    ]
  }
}